[{"alias":null,"name":"author","label":"Author","description":null,"native":[],"plural":"Authors","is_view":false,"primary_key":"id","name_field":null,"field":[{"alias":null,"name":"id","label":"Id","description":null,"native":[],"type":"id","db_type":"int","length":null,"precision":null,"scale":null,"default":null,"required":false,"allow_null":true,"fixed_length":false,"supports_multibyte":false,"auto_increment":true,"is_primary_key":true,"is_unique":false,"is_index":false,"is_foreign_key":false,"ref_table":null,"ref_field":null,"ref_on_update":null,"ref_on_delete":null,"picklist":null,"validation":null,"db_function":null,"is_virtual":false,"is_aggregate":false},{"alias":null,"name":"name","label":"Name","description":null,"native":[],"type":"string","db_type":"varchar(50)","length":50,"precision":null,"scale":null,"default":null,"required":false,"allow_null":true,"fixed_length":false,"supports_multibyte":false,"auto_increment":false,"is_primary_key":false,"is_unique":false,"is_index":false,"is_foreign_key":false,"ref_table":null,"ref_field":null,"ref_on_update":null,"ref_on_delete":null,"picklist":null,"validation":null,"db_function":null,"is_virtual":false,"is_aggregate":false}],"related":[{"alias":null,"name":"authorOf_by_name","label":"AuthorOf By Name","description":null,"native":[],"type":"has_many","field":null,"is_virtual":false,"ref_service_id":5,"ref_table":"authorOf","ref_field":"name","ref_on_update":null,"ref_on_delete":null,"junction_service_id":null,"junction_table":null,"junction_field":null,"junction_ref_field":null,"always_fetch":false,"flatten":false,"flatten_drop_prefix":false},{"alias":null,"name":"pub_by_authorOf","label":"Pub By AuthorOf","description":null,"native":[],"type":"many_many","field":null,"is_virtual":false,"ref_service_id":5,"ref_table":"pub","ref_field":null,"ref_on_update":null,"ref_on_delete":null,"junction_service_id":5,"junction_table":"authorOf","junction_field":"name","junction_ref_field":"pub_id","always_fetch":false,"flatten":false,"flatten_drop_prefix":false}],"access":31},{"alias":null,"name":"authorOf","label":"AuthorOf","description":null,"native":[],"plural":"AuthorsOf","is_view":false,"primary_key":"id","name_field":null,"field":[{"alias":null,"name":"id","label":"Id","description":null,"native":[],"type":"id","db_type":"int","length":null,"precision":null,"scale":null,"default":null,"required":false,"allow_null":true,"fixed_length":false,"supports_multibyte":false,"auto_increment":true,"is_primary_key":true,"is_unique":false,"is_index":false,"is_foreign_key":false,"ref_table":null,"ref_field":null,"ref_on_update":null,"ref_on_delete":null,"picklist":null,"validation":null,"db_function":null,"is_virtual":false,"is_aggregate":false},{"alias":null,"name":"pub_id","label":"Pub Id","description":null,"native":[],"type":"reference","db_type":"int","length":null,"precision":null,"scale":null,"default":null,"required":false,"allow_null":true,"fixed_length":false,"supports_multibyte":false,"auto_increment":false,"is_primary_key":false,"is_unique":false,"is_index":false,"is_foreign_key":true,"ref_table":"pub","ref_field":null,"ref_on_update":null,"ref_on_delete":null,"picklist":null,"validation":null,"db_function":null,"is_virtual":false,"is_aggregate":false},{"alias":null,"name":"name","label":"Name","description":null,"native":[],"type":"string","db_type":"varchar(50)","length":50,"precision":null,"scale":null,"default":null,"required":false,"allow_null":true,"fixed_length":false,"supports_multibyte":false,"auto_increment":false,"is_primary_key":false,"is_unique":false,"is_index":false,"is_foreign_key":true,"ref_table":"author","ref_field":null,"ref_on_update":null,"ref_on_delete":null,"picklist":null,"validation":null,"db_function":null,"is_virtual":false,"is_aggregate":false}],"related":[{"alias":null,"name":"author_by_name","label":"Author By Name","description":null,"native":[],"type":"belongs_to","field":"name","is_virtual":false,"ref_service_id":5,"ref_table":"author","ref_field":null,"ref_on_update":null,"ref_on_delete":null,"junction_service_id":null,"junction_table":null,"junction_field":null,"junction_ref_field":null,"always_fetch":false,"flatten":false,"flatten_drop_prefix":false},{"alias":null,"name":"pub_by_pub_id","label":"Pub By Pub Id","description":null,"native":[],"type":"belongs_to","field":"pub_id","is_virtual":false,"ref_service_id":5,"ref_table":"pub","ref_field":null,"ref_on_update":null,"ref_on_delete":null,"junction_service_id":null,"junction_table":null,"junction_field":null,"junction_ref_field":null,"always_fetch":false,"flatten":false,"flatten_drop_prefix":false}],"access":31},{"alias":null,"name":"book","label":"Book","description":null,"native":[],"plural":"Books","is_view":false,"primary_key":"id","name_field":null,"field":[{"alias":null,"name":"id","label":"Id","description":null,"native":[],"type":"id","db_type":"int","length":null,"precision":null,"scale":null,"default":null,"required":false,"allow_null":true,"fixed_length":false,"supports_multibyte":false,"auto_increment":true,"is_primary_key":true,"is_unique":false,"is_index":false,"is_foreign_key":false,"ref_table":null,"ref_field":null,"ref_on_update":null,"ref_on_delete":null,"picklist":null,"validation":null,"db_function":null,"is_virtual":false,"is_aggregate":false},{"alias":null,"name":"booktitle","label":"Booktitle","description":null,"native":[],"type":"string","db_type":"varchar(100)","length":100,"precision":null,"scale":null,"default":null,"required":false,"allow_null":true,"fixed_length":false,"supports_multibyte":false,"auto_increment":false,"is_primary_key":false,"is_unique":false,"is_index":false,"is_foreign_key":false,"ref_table":null,"ref_field":null,"ref_on_update":null,"ref_on_delete":null,"picklist":null,"validation":null,"db_function":null,"is_virtual":false,"is_aggregate":false}],"related":[{"alias":null,"name":"pub_by_booktitle","label":"Pub By Booktitle","description":null,"native":[],"type":"has_many","field":null,"is_virtual":false,"ref_service_id":5,"ref_table":"pub","ref_field":"booktitle","ref_on_update":null,"ref_on_delete":null,"junction_service_id":null,"junction_table":null,"junction_field":null,"junction_ref_field":null,"always_fetch":false,"flatten":false,"flatten_drop_prefix":false}],"access":31},{"alias":null,"name":"pub","label":"Pub","description":null,"native":[],"plural":"Pubs","is_view":false,"primary_key":"id","name_field":null,"field":[{"alias":null,"name":"id","label":"Id","description":null,"native":[],"type":"id","db_type":"int","length":null,"precision":null,"scale":null,"default":null,"required":false,"allow_null":true,"fixed_length":false,"supports_multibyte":false,"auto_increment":true,"is_primary_key":true,"is_unique":false,"is_index":false,"is_foreign_key":false,"ref_table":null,"ref_field":null,"ref_on_update":null,"ref_on_delete":null,"picklist":null,"validation":null,"db_function":null,"is_virtual":false,"is_aggregate":false},{"alias":null,"name":"pub_id","label":"Pub Id","description":null,"native":[],"type":"integer","db_type":"int","length":null,"precision":null,"scale":null,"default":null,"required":false,"allow_null":true,"fixed_length":false,"supports_multibyte":false,"auto_increment":false,"is_primary_key":false,"is_unique":false,"is_index":false,"is_foreign_key":false,"ref_table":null,"ref_field":null,"ref_on_update":null,"ref_on_delete":null,"picklist":null,"validation":null,"db_function":null,"is_virtual":false,"is_aggregate":false},{"alias":null,"name":"title","label":"Title","description":null,"native":[],"type":"string","db_type":"varchar(200)","length":200,"precision":null,"scale":null,"default":"title","required":false,"allow_null":true,"fixed_length":false,"supports_multibyte":false,"auto_increment":false,"is_primary_key":false,"is_unique":false,"is_index":false,"is_foreign_key":false,"ref_table":null,"ref_field":null,"ref_on_update":null,"ref_on_delete":null,"picklist":null,"validation":null,"db_function":null,"is_virtual":false,"is_aggregate":false},{"alias":null,"name":"year","label":"Year","description":null,"native":[],"type":"integer","db_type":"int","length":null,"precision":null,"scale":null,"default":0,"required":false,"allow_null":true,"fixed_length":false,"supports_multibyte":false,"auto_increment":false,"is_primary_key":false,"is_unique":false,"is_index":false,"is_foreign_key":false,"ref_table":null,"ref_field":null,"ref_on_update":null,"ref_on_delete":null,"picklist":null,"validation":null,"db_function":null,"is_virtual":false,"is_aggregate":false},{"alias":null,"name":"startPage","label":"StartPage","description":null,"native":[],"type":"string","db_type":"varchar(6)","length":6,"precision":null,"scale":null,"default":"0","required":false,"allow_null":true,"fixed_length":false,"supports_multibyte":false,"auto_increment":false,"is_primary_key":false,"is_unique":false,"is_index":false,"is_foreign_key":false,"ref_table":null,"ref_field":null,"ref_on_update":null,"ref_on_delete":null,"picklist":null,"validation":null,"db_function":null,"is_virtual":false,"is_aggregate":false},{"alias":null,"name":"endPage","label":"EndPage","description":null,"native":[],"type":"string","db_type":"varchar(6)","length":6,"precision":null,"scale":null,"default":"0","required":false,"allow_null":true,"fixed_length":false,"supports_multibyte":false,"auto_increment":false,"is_primary_key":false,"is_unique":false,"is_index":false,"is_foreign_key":false,"ref_table":null,"ref_field":null,"ref_on_update":null,"ref_on_delete":null,"picklist":null,"validation":null,"db_function":null,"is_virtual":false,"is_aggregate":false},{"alias":null,"name":"booktitle","label":"Booktitle","description":null,"native":[],"type":"string","db_type":"varchar(100)","length":100,"precision":null,"scale":null,"default":"CIT","required":false,"allow_null":true,"fixed_length":false,"supports_multibyte":false,"auto_increment":false,"is_primary_key":false,"is_unique":false,"is_index":false,"is_foreign_key":true,"ref_table":"book","ref_field":null,"ref_on_update":null,"ref_on_delete":null,"picklist":null,"validation":null,"db_function":null,"is_virtual":false,"is_aggregate":false}],"related":[{"alias":null,"name":"authorOf_by_pub_id","label":"AuthorOf By Pub Id","description":null,"native":[],"type":"has_many","field":null,"is_virtual":false,"ref_service_id":5,"ref_table":"authorOf","ref_field":"pub_id","ref_on_update":null,"ref_on_delete":null,"junction_service_id":null,"junction_table":null,"junction_field":null,"junction_ref_field":null,"always_fetch":false,"flatten":false,"flatten_drop_prefix":false},{"alias":null,"name":"author_by_authorOf","label":"Author By AuthorOf","description":null,"native":[],"type":"many_many","field":null,"is_virtual":false,"ref_service_id":5,"ref_table":"author","ref_field":null,"ref_on_update":null,"ref_on_delete":null,"junction_service_id":5,"junction_table":"authorOf","junction_field":"pub_id","junction_ref_field":"name","always_fetch":false,"flatten":false,"flatten_drop_prefix":false},{"alias":null,"name":"book_by_booktitle","label":"Book By Booktitle","description":null,"native":[],"type":"belongs_to","field":"booktitle","is_virtual":false,"ref_service_id":5,"ref_table":"book","ref_field":null,"ref_on_update":null,"ref_on_delete":null,"junction_service_id":null,"junction_table":null,"junction_field":null,"junction_ref_field":null,"always_fetch":false,"flatten":false,"flatten_drop_prefix":false}],"access":31}]